,att_original_names,shap_rf,eli5_rf,dalex_rf,ci_rf,skater_rf,lofo_rf,human_1,human_2,human_3,human_4,human_5,human_6
0,mes_num_crb,quant_ameaca_crb,quant_ameaca_crb,quant_roubo_crb,quant_roubo_crb,quant_roubo_crb,quant_apropriacao_indebita_crb,mes_num_crb,quant_homicidio_crb,quant_conflitos_conjugais_crb,quant_ameaca_crb,quant_homicidio_crb,quant_estupro_crb
1,quant_lesao_corporal_crb,quant_lesao_corporal_crb,quant_roubo_crb,quant_lesao_corporal_crb,quant_furto_crb,quant_ameaca_crb,quant_outros_fatos_atipicos_crb,quant_homicidio_crb,quant_tentativa_de_homicidio_crb,quant_conflitos_familiares_crb,quant_vias_de_fato_crb,quant_tentativa_de_homicidio_crb,quant_trafico_de_drogas_crb
2,quant_ameaca_crb,quant_roubo_crb,quant_lesao_corporal_crb,quant_dano_no_transito_crb,quant_lesao_corporal_crb,quant_lesao_corporal_crb,quant_difamacao_crb,quant_tentativa_de_homicidio_crb,quant_roubo_crb,quant_lesao_corporal_crb,quant_agressao_fisica_crb,quant_trafico_de_drogas_crb,quant_roubo_crb
3,quant_roubo_crb,quant_homicidio_crb,quant_outros_fatos_atipicos_crb,quant_ameaca_crb,quant_lesao_no_transito_crb,quant_outros_fatos_atipicos_crb,quant_conflitos_vicinais_crb,quant_roubo_crb,quant_roubo_de_veiculo_crb,quant_estupro_crb,quant_lesao_corporal_crb,quant_roubo_crb,quant_desaparecimento_de_pessoa_crb
4,quant_injuria_crb,quant_outros_fatos_atipicos_crb,quant_furto_crb,quant_outros_fatos_atipicos_crb,quant_homicidio_crb,quant_homicidio_crb,mes_num_crb,quant_roubo_de_veiculo_crb,quant_estupro_crb,quant_estupro_de_vulneravel_crb,quant_conflitos_familiares_crb,quant_conflitos_vicinais_crb,quant_ameaca_crb
5,quant_furto_crb,quant_abandono_do_lar_crb,quant_homicidio_crb,quant_abandono_do_lar_crb,quant_estelionato_crb,quant_furto_crb,quant_dano_no_transito_crb,quant_desaparecimento_de_pessoa_crb,quant_estupro_de_vulneravel_crb,quant_tentativa_de_homicidio_crb,quant_conflitos_vicinais_crb,quant_lesao_corporal_crb,quant_agressao_fisica_crb
6,quant_lesao_no_transito_crb,quant_trafico_de_drogas_crb,quant_dano_no_transito_crb,quant_homicidio_crb,quant_trafico_de_drogas_crb,quant_dano_no_transito_crb,quant_homicidio_crb,quant_ameaca_crb,quant_trafico_de_drogas_crb,quant_homicidio_crb,quant_conflitos_conjugais_crb,quant_ameaca_crb,quant_vias_de_fato_crb
7,quant_dano_no_transito_crb,quant_vias_de_fato_crb,quant_injuria_crb,quant_dano_civil_crb,quant_ameaca_crb,quant_abandono_do_lar_crb,quant_roubo_crb,quant_conflitos_vicinais_crb,quant_lesao_corporal_crb,quant_roubo_crb,quant_trafico_de_drogas_crb,quant_estupro_crb,quant_lesao_corporal_crb
8,quant_difamacao_crb,quant_dano_no_transito_crb,mes_num_crb,quant_furto_crb,quant_vias_de_fato_crb,quant_trafico_de_drogas_crb,quant_perturbacoes_da_tranquilidade_crb,quant_estupro_crb,quant_agressao_fisica_crb,quant_roubo_de_veiculo_crb,quant_tentativa_de_homicidio_crb,quant_estupro_de_vulneravel_crb,quant_tentativa_de_homicidio_crb
9,quant_homicidio_crb,quant_calunia_crb,quant_estelionato_crb,quant_trafico_de_drogas_crb,quant_outros_fatos_atipicos_crb,quant_calunia_crb,quant_outras_fraudes_crb,quant_agressao_fisica_crb,quant_ameaca_crb,quant_trafico_de_drogas_crb,quant_homicidio_crb,quant_desaparecimento_de_pessoa_crb,quant_homicidio_crb
10,quant_abandono_do_lar_crb,quant_furto_crb,quant_trafico_de_drogas_crb,quant_fuga_do_lar_crb,quant_dano_no_transito_crb,quant_injuria_crb,quant_ameaca_crb,quant_abandono_do_lar_crb,quant_abandono_do_lar_crb,quant_abandono_do_lar_crb,quant_abandono_do_lar_crb,quant_perturbacoes_da_tranquilidade_crb,quant_abandono_do_lar_crb
11,quant_conflitos_vicinais_crb,quant_estelionato_crb,quant_lesao_no_transito_crb,quant_estelionato_crb,quant_conflitos_vicinais_crb,quant_estelionato_crb,quant_lesao_corporal_crb,quant_apropriacao_indebita_crb,quant_apropriacao_indebita_crb,quant_agressao_fisica_crb,quant_apropriacao_indebita_crb,quant_agressao_fisica_crb,quant_apropriacao_indebita_crb
12,quant_conflitos_conjugais_crb,quant_agressao_fisica_crb,quant_calunia_crb,quant_receptacao_crb,quant_difamacao_crb,quant_vias_de_fato_crb,quant_lesao_no_transito_crb,quant_calunia_crb,quant_calunia_crb,quant_ameaca_crb,quant_calunia_crb,mes_num_crb,quant_calunia_crb
13,quant_fuga_do_lar_crb,quant_injuria_crb,quant_abandono_do_lar_crb,quant_conflitos_conjugais_crb,quant_injuria_crb,quant_difamacao_crb,quant_desacato_crb,quant_conflitos_conjugais_crb,quant_conflitos_conjugais_crb,quant_apropriacao_indebita_crb,quant_dano_civil_crb,quant_outros_fatos_atipicos_crb,quant_conflitos_conjugais_crb
14,quant_estupro_de_vulneravel_crb,quant_difamacao_crb,quant_vias_de_fato_crb,quant_lesao_no_transito_crb,quant_desobediencia_crb,quant_lesao_no_transito_crb,quant_receptacao_crb,quant_conflitos_familiares_crb,quant_conflitos_familiares_crb,quant_calunia_crb,quant_dano_crb,quant_furto_crb,quant_conflitos_familiares_crb
15,quant_outros_fatos_atipicos_crb,quant_estupro_crb,quant_dano_civil_crb,quant_outras_fraudes_crb,quant_poluicao_sonora_crb,quant_dano_civil_crb,quant_roubo_de_veiculo_crb,quant_dano_civil_crb,quant_conflitos_vicinais_crb,quant_conflitos_vicinais_crb,quant_dano_no_transito_crb,quant_roubo_de_veiculo_crb,quant_conflitos_vicinais_crb
16,quant_roubo_de_veiculo_crb,quant_roubo_de_veiculo_crb,quant_roubo_de_veiculo_crb,quant_estupro_crb,mes_num_crb,quant_estupro_crb,quant_agressao_fisica_crb,quant_dano_crb,quant_dano_civil_crb,quant_dano_civil_crb,quant_desacato_crb,quant_vias_de_fato_crb,quant_dano_civil_crb
17,quant_estelionato_crb,quant_lesao_no_transito_crb,quant_difamacao_crb,mes_num_crb,quant_roubo_de_veiculo_crb,quant_agressao_fisica_crb,quant_estelionato_crb,quant_dano_no_transito_crb,quant_dano_crb,quant_dano_crb,quant_desaparecimento_de_pessoa_crb,quant_dano_no_transito_crb,quant_dano_crb
18,quant_dano_crb,quant_dano_civil_crb,quant_dano_crb,quant_injuria_crb,quant_desaparecimento_de_pessoa_crb,quant_apropriacao_indebita_crb,quant_furto_crb,quant_desacato_crb,quant_dano_no_transito_crb,quant_dano_no_transito_crb,quant_desobediencia_crb,quant_calunia_crb,quant_dano_no_transito_crb
19,quant_dano_civil_crb,quant_conflitos_familiares_crb,quant_conflitos_familiares_crb,quant_desaparecimento_de_pessoa_crb,quant_dano_crb,quant_conflitos_familiares_crb,quant_dano_civil_crb,quant_desobediencia_crb,quant_desobediencia_crb,quant_desacato_crb,quant_difamacao_crb,quant_injuria_crb,quant_desacato_crb
20,quant_calunia_crb,quant_apropriacao_indebita_crb,quant_apropriacao_indebita_crb,quant_tentativa_de_homicidio_crb,quant_abandono_do_lar_crb,quant_dano_crb,quant_estupro_de_vulneravel_crb,quant_difamacao_crb,quant_difamacao_crb,quant_desaparecimento_de_pessoa_crb,quant_estelionato_crb,quant_difamacao_crb,quant_desobediencia_crb
21,quant_conflitos_familiares_crb,quant_desaparecimento_de_pessoa_crb,quant_agressao_fisica_crb,quant_roubo_de_veiculo_crb,quant_estupro_de_vulneravel_crb,quant_fuga_do_lar_crb,quant_fuga_do_lar_crb,quant_estelionato_crb,quant_estelionato_crb,quant_desobediencia_crb,quant_estupro_crb,quant_poluicao_sonora_crb,quant_difamacao_crb
22,quant_trafico_de_drogas_crb,quant_fuga_do_lar_crb,quant_estupro_crb,quant_estupro_de_vulneravel_crb,quant_outras_fraudes_crb,quant_desaparecimento_de_pessoa_crb,quant_desaparecimento_de_pessoa_crb,quant_estupro_de_vulneravel_crb,quant_fuga_do_lar_crb,quant_difamacao_crb,quant_estupro_de_vulneravel_crb,quant_estelionato_crb,quant_estelionato_crb
23,quant_vias_de_fato_crb,mes_num_crb,quant_fuga_do_lar_crb,quant_agressao_fisica_crb,quant_dano_civil_crb,quant_receptacao_crb,quant_vias_de_fato_crb,quant_fuga_do_lar_crb,quant_desaparecimento_de_pessoa_crb,quant_estelionato_crb,quant_furto_crb,quant_receptacao_crb,quant_estupro_de_vulneravel_crb
24,quant_apropriacao_indebita_crb,quant_receptacao_crb,quant_desaparecimento_de_pessoa_crb,quant_desacato_crb,quant_conflitos_familiares_crb,quant_desobediencia_crb,quant_dano_crb,quant_furto_crb,quant_furto_crb,quant_fuga_do_lar_crb,quant_fuga_do_lar_crb,quant_lesao_no_transito_crb,quant_fuga_do_lar_crb
25,quant_agressao_fisica_crb,quant_dano_crb,quant_receptacao_crb,quant_conflitos_familiares_crb,quant_agressao_fisica_crb,quant_perturbacoes_da_tranquilidade_crb,quant_tentativa_de_homicidio_crb,quant_injuria_crb,quant_injuria_crb,quant_furto_crb,quant_injuria_crb,quant_conflitos_conjugais_crb,quant_furto_crb
26,quant_receptacao_crb,quant_poluicao_sonora_crb,quant_estupro_de_vulneravel_crb,quant_calunia_crb,quant_perturbacoes_da_tranquilidade_crb,quant_outras_fraudes_crb,quant_conflitos_conjugais_crb,quant_lesao_corporal_crb,quant_lesao_no_transito_crb,quant_injuria_crb,quant_lesao_no_transito_crb,quant_apropriacao_indebita_crb,quant_injuria_crb
27,quant_estupro_crb,quant_perturbacoes_da_tranquilidade_crb,quant_outras_fraudes_crb,quant_perturbacoes_da_tranquilidade_crb,quant_receptacao_crb,quant_desacato_crb,quant_desobediencia_crb,quant_lesao_no_transito_crb,quant_desacato_crb,quant_lesao_no_transito_crb,mes_num_crb,quant_outras_fraudes_crb,quant_lesao_no_transito_crb
28,quant_desaparecimento_de_pessoa_crb,quant_tentativa_de_homicidio_crb,quant_conflitos_vicinais_crb,quant_conflitos_vicinais_crb,quant_desacato_crb,quant_tentativa_de_homicidio_crb,quant_calunia_crb,quant_outras_fraudes_crb,mes_num_crb,mes_num_crb,quant_outras_fraudes_crb,quant_conflitos_familiares_crb,mes_num_crb
29,quant_tentativa_de_homicidio_crb,quant_desacato_crb,quant_conflitos_conjugais_crb,quant_dano_crb,quant_conflitos_conjugais_crb,quant_conflitos_vicinais_crb,quant_conflitos_familiares_crb,quant_outros_fatos_atipicos_crb,quant_outras_fraudes_crb,quant_outras_fraudes_crb,quant_outros_fatos_atipicos_crb,quant_dano_crb,quant_outras_fraudes_crb
30,quant_poluicao_sonora_crb,quant_desobediencia_crb,quant_poluicao_sonora_crb,quant_poluicao_sonora_crb,quant_calunia_crb,quant_conflitos_conjugais_crb,quant_trafico_de_drogas_crb,quant_perturbacoes_da_tranquilidade_crb,quant_outros_fatos_atipicos_crb,quant_outros_fatos_atipicos_crb,quant_perturbacoes_da_tranquilidade_crb,quant_dano_civil_crb,quant_outros_fatos_atipicos_crb
31,quant_outras_fraudes_crb,quant_estupro_de_vulneravel_crb,quant_desacato_crb,quant_vias_de_fato_crb,quant_apropriacao_indebita_crb,quant_poluicao_sonora_crb,quant_estupro_crb,quant_poluicao_sonora_crb,quant_perturbacoes_da_tranquilidade_crb,quant_perturbacoes_da_tranquilidade_crb,quant_poluicao_sonora_crb,quant_desacato_crb,quant_perturbacoes_da_tranquilidade_crb
32,quant_desobediencia_crb,quant_conflitos_conjugais_crb,quant_desobediencia_crb,quant_apropriacao_indebita_crb,quant_estupro_crb,mes_num_crb,quant_injuria_crb,quant_receptacao_crb,quant_poluicao_sonora_crb,quant_poluicao_sonora_crb,quant_receptacao_crb,quant_desobediencia_crb,quant_poluicao_sonora_crb
33,quant_desacato_crb,quant_conflitos_vicinais_crb,quant_tentativa_de_homicidio_crb,quant_desobediencia_crb,quant_fuga_do_lar_crb,quant_roubo_de_veiculo_crb,quant_abandono_do_lar_crb,quant_trafico_de_drogas_crb,quant_receptacao_crb,quant_receptacao_crb,quant_roubo_crb,quant_fuga_do_lar_crb,quant_receptacao_crb
34,quant_perturbacoes_da_tranquilidade_crb,quant_outras_fraudes_crb,quant_perturbacoes_da_tranquilidade_crb,quant_difamacao_crb,quant_tentativa_de_homicidio_crb,quant_estupro_de_vulneravel_crb,quant_poluicao_sonora_crb,quant_vias_de_fato_crb,quant_vias_de_fato_crb,quant_vias_de_fato_crb,quant_roubo_de_veiculo_crb,quant_abandono_do_lar_crb,quant_roubo_de_veiculo_crb
