,att_original_names,shap_rf,eli5_rf,dalex_rf,ci_rf,skater_rf,lofo_rf,human_1,human_2,human_3,human_4,human_5,human_6,weights
0,mes_num_crb,5,7,0,0,4,0,1,0,0,0,0,0,1
1,quant_lesao_corporal_crb,2,2,3,0,3,0,0,8,3,4,6,8,1
2,quant_ameaca_crb,1,1,1,1,1,6,7,10,0,1,7,5,1
3,quant_roubo_crb,3,3,2,2,2,0,4,3,8,0,4,3,1
4,quant_injuria_crb,0,9,0,0,10,0,0,0,0,0,0,0,1
5,quant_furto_crb,0,5,0,8,8,0,0,0,0,0,0,0,1
6,quant_lesao_no_transito_crb,0,0,0,0,0,0,0,0,0,0,0,0,1
7,quant_dano_no_transito_crb,8,8,6,3,7,0,0,0,0,0,0,0,1
8,quant_difamacao_crb,0,0,0,0,0,0,0,0,0,0,0,0,1
9,quant_homicidio_crb,4,6,4,4,5,0,2,1,7,10,1,10,1
10,quant_abandono_do_lar_crb,6,10,7,0,9,3,0,0,0,0,0,0,1
11,quant_conflitos_vicinais_crb,0,0,0,0,0,9,8,0,0,6,5,0,1
12,quant_conflitos_conjugais_crb,0,0,0,0,0,0,0,0,1,7,0,0,1
13,quant_fuga_do_lar_crb,0,0,0,0,0,0,0,0,0,0,0,0,1
14,quant_estupro_de_vulneravel_crb,0,0,0,0,0,0,0,6,5,0,9,0,1
15,quant_outros_fatos_atipicos_crb,7,4,0,0,6,0,0,0,0,0,0,0,1
16,quant_roubo_de_veiculo_crb,0,0,8,0,0,0,5,4,9,0,0,0,1
17,quant_estelionato_crb,0,0,9,10,0,0,0,0,0,0,0,0,1
18,quant_dano_crb,0,0,0,0,0,0,0,0,0,0,0,0,1
19,quant_dano_civil_crb,0,0,0,6,0,0,0,0,0,0,0,0,1
20,quant_calunia_crb,0,0,0,9,0,5,0,0,0,0,0,0,1
21,quant_conflitos_familiares_crb,0,0,0,0,0,8,0,0,2,5,0,0,1
22,quant_trafico_de_drogas_crb,9,0,5,5,0,10,0,7,10,8,3,2,1
23,quant_vias_de_fato_crb,10,0,0,7,0,4,0,0,0,2,0,7,1
24,quant_apropriacao_indebita_crb,0,0,0,0,0,0,0,0,0,0,0,0,1
25,quant_agressao_fisica_crb,0,0,0,0,0,0,10,9,0,3,0,6,1
26,quant_receptacao_crb,0,0,0,0,0,0,0,0,0,0,0,0,1
27,quant_estupro_crb,0,0,0,0,0,0,9,5,4,0,8,1,1
28,quant_desaparecimento_de_pessoa_crb,0,0,10,0,0,1,6,0,0,0,10,4,1
29,quant_tentativa_de_homicidio_crb,0,0,0,0,0,2,3,2,6,9,2,9,1
30,quant_poluicao_sonora_crb,0,0,0,0,0,0,0,0,0,0,0,0,1
31,quant_outras_fraudes_crb,0,0,0,0,0,0,0,0,0,0,0,0,1
32,quant_desobediencia_crb,0,0,0,0,0,0,0,0,0,0,0,0,1
33,quant_desacato_crb,0,0,0,0,0,0,0,0,0,0,0,0,1
34,quant_perturbacoes_da_tranquilidade_crb,0,0,0,0,0,7,0,0,0,0,0,0,1
