att_original_names,S
quant_roubo_crb,88.0
quant_lesao_corporal_crb,79.0
quant_ameaca_crb,78.0
quant_homicidio_crb,69.0
quant_tentativa_de_homicidio_crb,36.0
quant_trafico_de_drogas_crb,32.0
quant_estupro_crb,28.0
quant_agressao_fisica_crb,24.0
quant_vias_de_fato_crb,23.0
quant_dano_no_transito_crb,21.0
quant_outros_fatos_atipicos_crb,18.0
quant_roubo_de_veiculo_crb,18.0
quant_abandono_do_lar_crb,17.0
quant_conflitos_familiares_crb,15.0
quant_desaparecimento_de_pessoa_crb,15.0
quant_conflitos_vicinais_crb,14.0
quant_conflitos_conjugais_crb,14.0
quant_estupro_de_vulneravel_crb,13.0
quant_furto_crb,13.0
mes_num_crb,13.0
quant_lesao_no_transito_crb,6.0
quant_apropriacao_indebita_crb,5.0
quant_estelionato_crb,5.0
quant_dano_civil_crb,5.0
quant_desacato_crb,4.0
quant_calunia_crb,2.0
quant_receptacao_crb,2.0
quant_injuria_crb,2.0
quant_difamacao_crb,1.0
quant_dano_crb,0.0
quant_fuga_do_lar_crb,0.0
quant_poluicao_sonora_crb,0.0
quant_outras_fraudes_crb,0.0
quant_desobediencia_crb,0.0
quant_perturbacoes_da_tranquilidade_crb,0.0
